Country,1990,1991,1992,1993,1994,1995,1996,1997,1998,1999,2000,2001,2002,2003,2004,2005,2006,2007,2008,2009,2010,2011,2012,2013
Aruba,2.19580451,4.539317283,2.370641508,4.092614763,4.800351995,-0.567201754,-1.830023738,3.854744451,-1.027089526,-1.689536653,4.918353851,2.369192993,-2.134006061,0.117317036,6.318776765,-1.379148395,-0.049084365,1.838730741,0.577087557,-12.76604288,-3.827012996,2.400342452,-1.833977356,5.635317503
Africa Eastern and Southern,-2.860377068,-2.605620909,-4.479523892,-2.967371,-0.580264108,1.628756181,2.669064744,1.805889059,-0.652243831,0.090308488,0.750995728,1.036420739,1.265661533,0.466079711,2.788589203,3.361068655,3.757256466,3.719489508,1.495308477,-2.053726497,2.373742073,0.936366201,-1.850848324,1.402217261
Afghanistan,,,,,,,,,,,,,,0.927029128,-2.497254639,7.321873841,1.084988201,11.80338266,1.864754466,17.14353433,11.09921992,-3.211364296,8.247144252,2.002522145
Africa Western and Central,3.843232436,-1.474265001,-0.021442925,-3.738596721,-2.866296311,-0.76052568,1.887667372,1.496010571,0.757349993,-1.257193055,0.96746547,2.352157043,6.931811484,2.641241871,5.051311757,2.928476492,2.476822797,2.636160144,3.355066293,3.349094643,4.004890236,1.947735058,2.259185273,3.256966796
Angola,-6.626409313,-2.312501779,-8.848293617,-26.34912367,-1.850621046,11.27842237,9.825457822,3.755519392,1.313926106,-1.062724886,-0.234945633,0.838227322,9.937307249,-0.466060748,7.127076561,11.00956557,7.614219203,9.935108707,7.163046012,-2.797289984,1.015922259,-0.347039841,4.536024436,1.101887143
Albania,-11.1879053,-27.56682084,-6.622551212,10.22994935,8.969761659,14.02449593,9.780179879,-10.36110497,9.516484438,13.60806912,7.630022439,9.314397139,4.850475334,5.924211542,5.956569596,6.067882439,6.572922982,6.787228936,8.328108423,4.053139864,4.223083827,2.821642455,1.584872815,1.187234353
Andorra,0.042320625,-0.904014454,-2.328613182,-4.165030095,-0.771998475,-0.330383518,2.661055932,8.165547743,2.396919986,3.355457446,2.83605354,5.372532989,0.076702358,4.196837094,3.882383777,1.578040219,4.292621435,4.22037542,-2.935382027,-2.478037072,1.222687703,1.340893892,-5.571255543,-4.026027034
Arab World,8.68604591,0.212118313,2.638040865,0.451589931,0.548929585,0.560596297,2.238437525,2.33455395,2.734654684,-0.439886063,4.184095308,-0.533183395,-1.506037751,2.63294602,6.546763772,3.1170586,3.458805444,1.845476693,2.774598905,-2.186444249,2.254992519,1.050469418,2.927485466,0.279544823
United Arab Emirates,11.58314134,-4.575279929,-1.921751266,-3.614620809,2.042957365,2.0870473,0.092720744,1.35949143,-5.716708524,-2.958957302,4.836129645,-3.851554147,-2.625471695,3.67104717,4.630576274,-2.190420613,-4.017715396,-13.9233874,-13.28742756,-17.1453939,-4.256385863,5.763433442,3.691201307,4.012692142
Argentina,-3.877389883,7.589999664,6.450073131,6.747497372,4.420120785,-4.116880801,4.204967319,6.823321092,2.654347597,-4.492112129,-1.906987498,-5.453796978,-11.84595039,7.719229637,7.928157051,7.732496999,6.934981738,7.916210572,3.029785407,-6.867955225,9.844296398,4.788683139,-2.14528445,1.265685175
Armenia,,-13.19114661,-41.09865025,-5.708269453,8.012920544,8.538542212,6.63186556,4.188979575,8.322090806,4.412252849,7.153578185,10.83797617,14.22429285,14.77383628,11.16164945,14.59145586,13.97648864,14.53610037,7.651455058,-13.54579168,2.824481883,5.319018352,7.735370834,3.764129648
American Samoa,,,,,,,,,,,,,,1.376760783,0.958704603,0.238921013,-3.394752379,2.67197034,-1.800450002,-3.257941095,1.245264257,0.992450746,-3.231910641,-1.21950184
Antigua and Barbuda,3.512719107,1.685236976,-0.445128902,3.4008518,4.707692263,-6.21372328,4.46620012,3.368633335,2.777121573,1.952957112,4.457311286,-6.000792503,-0.255113806,4.880932309,4.606741223,5.236709085,11.27865894,7.821253426,-1.497593577,-13.29886801,-9.089174819,-3.12748111,2.258654934,-1.525263424
Australia,2.054793811,-1.644753047,-0.689506015,3.125986342,2.984297795,2.736499286,2.603790281,2.794518342,3.575818587,3.81438537,2.71882937,0.739613358,2.817325413,1.932212851,3.108286755,1.905683368,1.363514029,1.901150677,1.5135102,-0.20740929,0.628836598,0.978468035,2.10380811,0.828325558
Austria,3.553547647,2.413986454,0.97609224,-0.298754361,2.008761944,2.510912694,2.211434933,1.977975908,3.467829941,3.355044661,3.12743665,0.880259098,1.152676331,0.450946527,2.099711169,1.549877317,2.943417859,3.391730827,1.143307119,-4.016340042,1.592577128,2.576448318,0.222450577,-0.562298943
Azerbaijan,,-2.012383104,-23.76120216,-24.25686416,-20.77555855,-12.81342944,0.28021389,4.784282352,8.960886763,6.461584076,10.19102927,9.051822038,8.625351066,9.376460364,8.301538479,26.66009477,33.03048777,23.59068541,8.457450126,7.050602519,3.806491021,-1.195842962,0.816684128,4.450020099
Burundi,1.42189607,2.913068415,-1.597561735,-3.069248456,-4.36690134,-13.29592729,-7.964692393,-1.479610111,2.815176025,-3.329950483,-2.86056588,-0.439187877,1.568534631,-4.274588198,1.010882046,-2.764880494,1.706713839,-0.277700517,0.637154646,-1.327694607,0.318221818,0.41151196,0.824080966,1.263599334
Belgium,2.830267975,1.455371726,1.11956586,-1.34799971,2.909318769,2.170550274,1.123669018,3.542789064,1.744323895,3.305706514,3.465452571,0.75248291,1.251984606,0.61587978,3.123928918,1.760455594,1.8781832,2.918338349,-0.343452718,-2.80592074,1.928764196,0.38003457,0.116402578,-0.013148386
Benin,5.712445594,1.082571177,-0.14985962,1.228883488,-1.720724529,3.885942391,1.678298827,2.702447716,0.84800005,2.169593733,2.689647379,2.207364924,1.548959248,0.372024802,1.316512038,-1.467813821,0.811410157,2.982053319,1.849625069,-0.648436891,-0.839355824,-0.007428192,1.800064493,4.127606235
Burkina Faso,-3.173227944,6.348168294,-2.205514145,0.921974042,-1.206820025,3.041040495,8.214114979,3.622726386,4.398136185,4.299232007,-1.106850828,3.420372815,1.193156955,4.507163311,1.250803724,5.293432973,2.986692134,1.001302627,2.731085634,-0.012474271,5.305144555,3.502706594,3.273591496,2.657295331
Bangladesh,3.400369596,1.500470719,3.519728548,2.729706135,1.9167073,3.177185503,2.706249817,2.638487151,3.222149859,2.684717105,3.305900935,3.100436692,1.92168942,2.926134543,3.50574324,4.930968205,5.388330716,5.939181515,5.076730248,4.124685807,4.373484667,5.174520875,5.20499112,4.678721918
Bulgaria,-7.463207654,-7.534068849,-6.271263865,-0.691213558,2.164358868,3.320396956,5.74937124,-13.59092363,4.484024225,-7.881072604,5.105055058,5.911159292,8.195216694,6.074063329,7.31740448,7.865501647,7.616849472,7.441487797,6.877127828,-2.722415408,2.212431063,2.758011774,1.340217109,-0.00242338
Bahrain,0.992712757,7.49120497,3.023473723,9.076230444,-3.52857225,0.593021768,0.848609082,-0.048396791,1.69827355,1.339020825,2.442157461,-0.14972112,0.8533771,2.208243364,-0.103815979,-1.336449595,-1.105353022,1.055400516,-0.434970499,-3.468434461,1.394890732,2.115445699,2.638951394,2.347595883
"Bahamas, The",-3.481588741,-6.04880613,-5.843050602,-1.847236076,1.102406217,2.442431009,2.385033542,5.070879768,-6.086230946,10.49006117,2.629682064,1.1892679,1.359063337,-2.573648591,-0.469561177,1.993583704,1.104087361,0.027989689,-3.704404799,-5.545775183,0.119788587,-0.631937739,1.977657978,-3.767283671
Bosnia and Herzegovina,,,,,,21.18015808,81.35516538,29.74152353,13.70910001,8.598349351,12.05488255,2.042863604,4.940438543,4.230918332,7.374875475,5.129516204,6.354630872,7.183286711,7.168092787,-1.362529167,2.62997049,2.792141415,1.034339285,3.957296129
Belarus,,-1.245567019,-9.798383809,-7.803769961,-11.59557512,-10.1088528,3.146686066,11.8639522,8.889364506,3.866378654,6.299636448,5.263892131,5.716082411,7.794917912,12.21261832,10.14976717,10.6755868,9.099459979,10.58130499,0.446705796,8.034088134,5.625881186,1.846520268,1.042243413
Belize,9.066681722,9.137893136,9.778566256,4.115190339,-1.943300411,-1.901187531,-1.998032421,0.111778475,0.32739479,5.288195129,9.39899286,1.784486467,1.874493966,6.013910049,1.504839261,-0.807645036,1.559296811,0.340204416,-4.257774011,-3.145662282,-1.238076017,-2.358493725,1.54089716,2.215709713
Bermuda,-0.798461538,-3.035881339,0.666851964,2.457765924,-0.095697515,3.654763146,1.946947479,3.963724659,3.139627286,2.805721748,8.348324206,6.071369138,-2.116731681,2.736271274,1.655071335,1.018079897,4.940272519,2.763815335,-2.444780256,-6.148629405,-1.736363236,-2.907850829,-5.647262748,-0.591137895
Bolivia,2.467411575,3.105994961,-0.408970621,2.195240038,2.637063079,2.705928464,2.429446093,3.042141914,3.136997548,-1.383429233,0.675361125,-0.099986843,0.706590426,0.933272881,2.377208378,2.627411949,2.981967715,2.75018668,4.328171136,1.601456455,2.375335576,3.453673773,3.39719644,5.069795424
Brazil,-6.065555669,-0.700696276,-2.179979806,3.242563272,4.182955815,2.608090006,0.656502163,1.855343025,-1.124442426,-0.948845923,2.970910781,0.059648944,1.760242779,-0.051285666,4.561781957,2.055571501,2.847962008,4.98082992,4.061722166,-1.073238333,6.522816179,3.013396273,1.007654033,2.114256452
Barbados,-3.348307001,-4.097736643,-5.986085477,0.490683001,1.731308336,1.784148274,3.782604152,4.568602084,3.564005148,0.134115254,4.254994513,-2.630358564,0.379644847,1.77670843,1.031642701,3.580491633,5.740724577,1.694449723,0.200454089,-5.418778446,-2.692141229,-0.967165211,-0.688990257,-1.685187442
Brunei Darussalam,-2.039423774,0.114170788,1.905263673,-2.266164915,0.593746994,1.976921959,0.49313578,-3.679156013,-2.713190453,0.88016699,0.730069451,0.687036971,1.864685729,0.990882746,-1.284601231,-1.3250511,2.692052121,-1.416167647,-3.423745709,-3.209963091,1.111479826,2.336315197,-0.359754944,-3.330844835
Bhutan,7.569785613,-2.033740668,8.771178133,6.902424404,4.866537368,5.800275948,3.609396628,3.568167575,3.960161884,5.36526756,0.500693009,5.470289332,8.156908908,5.176425964,3.502987055,5.130903788,5.420472436,16.91019932,3.565242325,5.533319776,10.70222196,6.799598004,3.979385564,1.035010357
Botswana,3.604755604,4.414555309,0.011375129,-0.981011842,0.782660048,4.250704012,3.252230011,5.838418579,-1.761220911,7.342426873,-0.104457972,-1.737732223,4.107829819,2.808520617,0.925705711,2.693878256,6.34700491,3.73406781,1.176918832,-15.89055769,7.875871132,4.717165863,-2.070174126,9.005663889
Central African Republic,-5.112200333,-3.600803372,-9.354066288,-2.828887557,1.652169655,4.29285448,-6.47928499,2.410459241,1.855412677,0.757392208,-5.182200264,2.138855273,1.352775362,-7.657345914,3.720591047,-1.338182594,2.684667344,2.665865061,-0.03993708,6.272393967,2.485984851,2.610234803,4.145158394,-36.77769716
Canada,,,,,,,,,3.037475991,4.31156937,4.202682574,0.69016125,1.903852002,0.888030154,2.129630941,2.234059429,1.602574764,1.082975538,-0.080294839,-4.030419849,1.949628189,2.142309009,0.663247995,1.253613813
Central Europe and the Baltics,,-9.547431007,-1.640834756,1.610400974,4.124300563,5.863911833,4.783083227,2.503779049,2.856902641,2.079816152,4.540344448,3.832602352,4.289313338,4.412176523,6.130510445,5.3040699,6.857610582,6.827804996,4.308882945,-3.317836403,1.805473104,3.761303759,1.057872617,0.878883384
Switzerland,2.417436703,-2.146489921,-1.13971907,-1.031422365,0.465686404,-0.188350744,0.028540639,2.015283161,2.724284656,1.179005936,3.376157295,0.934949653,-0.826280428,-0.771333169,1.998132056,2.093586607,3.42255066,2.991822023,1.509950794,-3.51055886,2.173638164,0.68733987,0.110596604,0.628360675
Channel Islands,,,,,,,,,,3.340309634,5.466131638,-2.010642944,-2.382830378,-3.968232859,-0.578063489,0.554006145,4.039018093,5.041328321,,,,,,
Chile,1.674318522,6.062941175,9.389369284,4.943403873,3.461190718,7.375838248,5.351007611,5.986326529,2.878669136,-1.454255617,3.772356977,2.009936512,2.086110705,3.631566469,5.616340075,4.807518067,5.01599112,4.142002319,2.755800964,-2.128300575,4.788942692,5.176036996,5.125738377,2.31640012
China,2.406558572,7.782091991,12.83320958,12.58199664,11.76638915,9.754954889,8.776429811,8.124497577,6.816064564,6.733485658,7.638597676,7.551654832,8.404879975,9.354776644,9.46155877,10.74137513,12.09330469,13.6358205,9.090280101,8.855947676,10.10283262,8.953816042,7.134523777,7.050734134
Cote d'Ivoire,-4.812715096,-3.669211099,-3.889103818,-3.776125897,-2.737322724,3.399180944,4.010910041,5.89860299,0.821945731,-1.846652083,-2.959710899,-4.683346315,-5.142085307,-7.000661329,0.801103624,-1.268265055,0.56862426,-1.059815638,2.573868008,1.432261367,4.610518088,-7.314005486,5.430923065,8.499803033
Cameroon,-8.909239183,-6.64425525,-5.903355961,-10.5729314,-0.994143235,0.068585266,1.42319589,1.784214065,1.993610624,1.77836308,1.131126752,1.619678854,1.714569107,2.614132052,4.150729442,-0.527954207,1.024993586,1.466544498,-0.029081451,-0.299622051,0.006582792,0.493346681,1.721841651,2.082609838
"Congo, Dem. Rep.",-9.584213389,-11.39352542,-13.15587163,-16.19859124,-8.370576957,-3.426580771,-2.891758169,-7.098396744,-3.924800034,-6.969532095,-9.570694324,-5.012042163,-0.151731065,2.514865995,3.60340242,2.879528265,2.017148351,2.897014253,2.880741558,-0.3784622,3.686160116,3.35182131,3.552018767,4.845979483
"Congo, Rep.",-1.805379199,-0.411797992,-0.167412667,-3.774134991,-8.150381505,1.213870332,1.539882799,-2.644850409,1.543223128,-5.14928872,3.547205816,-0.027544188,2.162661737,-1.938996116,0.019857938,3.94682346,4.007991907,-9.989537905,2.842036482,7.241581921,5.45626725,-1.056578869,6.936986163,-3.07344321
Colombia,2.112398501,-0.056151384,2.001952161,3.328236889,3.773867157,3.229305171,0.210252816,1.601503541,-1.159549927,-5.794495365,1.271082628,0.088483852,0.942693273,2.390448042,3.839378166,3.406895648,5.339723444,5.422847619,2.084242363,0.001662279,3.323734506,5.784699766,2.837889026,4.098265909
Comoros,2.279420158,-7.782366462,5.96427522,0.709913519,-7.309375609,1.408039774,-3.394109173,1.816825031,-0.862253011,-0.105394136,8.717689838,0.28098417,0.255555657,0.119030969,-0.013669964,0.837129283,0.61407525,-1.200112163,1.888357948,1.14810444,1.637270424,1.960299485,0.985839766,2.249640757
Cabo Verde,-1.079096461,-0.815355215,8.25792798,5.988307322,16.24324545,11.51113749,8.800936887,8.629282881,10.07378035,8.894187851,12.13409838,0.540730931,3.633309701,2.688116923,8.726368147,5.557902764,6.67270905,13.8360549,5.479600057,-2.285603673,0.381673315,2.725448256,-0.119066631,-0.331546583
Costa Rica,0.954542165,-0.296531513,6.488284176,4.473266466,2.009362935,1.713859604,-0.960770709,3.129747491,4.855971419,2.077614596,1.838873563,1.600982803,1.675937517,2.673776029,2.848457985,2.456798968,5.799838282,6.707755266,3.298011334,-2.203057169,4.012638874,3.116526116,3.627812474,1.319512787
Caribbean small states,0.314426807,0.658004164,1.344948148,2.046653096,1.88473973,1.969250704,2.542517049,3.169189022,0.34947896,4.252692585,3.029549735,1.3565365,2.885720479,4.884095064,3.262888641,2.966179383,6.121912712,2.747459436,0.619409272,-4.096716608,0.734935698,0.510175002,2.533316024,0.753127286
Cuba,-3.857215476,-11.41900479,-12.1540307,-15.32719887,0.28886143,2.086856191,7.48140632,2.455415373,-0.164276866,5.840205904,5.574321641,2.876228671,1.144029242,3.52243391,5.524827061,10.99578811,11.92139979,7.174032658,4.054763877,1.392178173,2.324766851,2.726846251,2.9185284,2.636075249
Curacao,,,,,,,,,,,,3.007946013,0.274293371,-1.758681697,-1.505340183,-1.858439975,-0.940961791,0.466173824,0.910342295,-1.176896518,-1.176268627,-0.806885914,-0.891840181,-1.929813587
Cayman Islands,,,,,,,,,,,,,,,,,,0.108078948,-3.234236986,-9.809708074,-5.363905871,-1.41613441,-1.205742351,-1.072927201
Cyprus,5.139971416,-1.834741576,6.527831932,-1.702624997,3.732198767,6.415538258,-0.352381792,1.196222263,4.817748898,3.829598372,4.844155984,2.838129284,2.541064553,1.38361898,3.63080498,3.353772518,2.981296273,2.884110626,1.076560783,-4.610651165,-0.35676942,-2.112935753,-4.907387691,-6.370077361
Czechia,,-11.40250599,-0.608213656,-0.042053082,2.872143487,6.566133528,4.386832731,-0.411069078,-0.262114936,1.487792085,4.293071465,3.430857546,1.76597432,3.613338965,4.782365794,6.454261737,6.478203603,4.956085333,1.838240193,-5.198981919,2.136880484,1.55018979,-0.92373445,-0.079052895
Germany,4.351639054,4.345220055,1.151046332,-1.625684284,2.03735421,1.246141876,0.514437285,1.643334273,1.998485321,1.821428031,2.773221251,1.510558261,-0.365628327,-0.755077167,1.197055352,0.788917116,3.933610331,3.114245883,1.152029742,-5.454577169,4.339606777,5.869635737,0.230160993,0.163870563
Djibouti,,,,,,,,,,,,,,,,,,,,,,,,
Dominica,6.167490394,1.846141363,2.072233263,2.077226091,-0.007441692,3.02639601,3.156375977,2.311360947,3.989488588,0.704671154,2.867298553,0.219160831,-2.98316206,6.073432194,2.852325155,0.509291715,4.555925723,6.301941569,7.110156189,-1.176774443,0.719489528,-0.204681673,-1.268694036,-0.900680193
Denmark,1.310525163,1.130840198,1.620420852,-0.32195993,4.977347179,2.492248169,2.319405698,2.832664465,1.847613945,2.60794426,3.400684546,0.462534295,0.145880727,0.117358167,2.403233997,2.055110516,3.572063464,0.462731494,-1.094842128,-5.414013999,1.419486631,0.920393685,-0.149916088,0.513424428
Dominican Republic,-7.429983278,-1.127861594,8.990656048,5.25672562,0.636265971,3.727180735,4.092189488,7.044764457,5.013024874,4.312189114,3.075842277,0.943739475,2.997365375,-2.725462464,1.171908499,7.975831368,7.770307349,6.067420944,1.90090508,-0.362882608,6.924484313,1.800671362,1.415388695,3.572464785
Algeria,-1.68292795,-3.528167862,-0.538303713,-4.268935462,-2.966914207,1.828036977,2.280472012,-0.585445319,3.524321957,1.766866717,2.354580269,1.592496615,4.185160104,5.758041705,2.842493639,4.465245065,0.244873738,1.730369331,0.664881576,-0.208351661,1.6921701,0.964977575,1.410226663,0.797967812
East Asia & Pacific (excluding high income),3.484106248,6.369005318,9.595899828,9.780961818,9.461084492,8.472321038,7.711994304,6.040928218,1.706703754,5.245133322,6.570043135,5.987681913,7.103895587,8.020368808,8.233072455,9.093528805,10.20989737,11.63564164,7.809110784,7.195355795,9.1328568,7.824765276,6.661546719,6.402416983
Early-demographic dividend,2.894871517,2.23930876,1.774616873,1.241768846,1.37009103,0.390313535,3.747838735,2.67500146,0.362067213,0.181910409,2.471358257,-0.802010354,0.036080427,3.646990771,4.459262838,4.181007606,4.280206314,4.096357894,1.909385356,-0.702461149,4.924411268,3.329814419,2.723758364,2.664219134
East Asia & Pacific,3.504201367,3.354387925,2.850379312,2.872394071,3.922131332,4.398049164,4.37465182,2.864284973,-0.647916238,2.695145384,4.405364418,2.384246481,3.504620071,4.115262008,5.06477227,5.111525782,5.665925814,6.685203099,3.631437903,1.847210543,6.877332449,4.716967015,4.345771472,4.427756804
Europe & Central Asia (excluding high income),-2.116886123,-5.571108027,-11.12506306,-6.25096609,-11.36977606,-2.005343022,-0.316336333,2.688133665,-1.646538433,2.368715459,8.394530814,2.623497222,5.468967011,6.864106337,8.154842939,7.201434033,7.98175829,7.510489696,3.820601121,-6.171066538,5.062036887,5.687948285,3.379703739,3.352276601
Europe & Central Asia,1.812265217,-0.08147519,-0.921513527,-1.071517494,0.978439337,1.945586322,1.493666279,2.819577426,2.452255968,2.753862958,4.211363606,2.06484135,1.398874467,1.530031521,2.873106227,2.349569485,3.508513601,3.274819687,0.615529395,-4.815759845,2.295196718,2.092609065,-0.039383211,0.370196116
Ecuador,1.302164164,1.98381762,-0.018341778,-0.029153402,2.284532016,0.359639648,-0.113109062,2.477499617,1.473244066,-6.369163606,-0.625240913,2.242180682,2.304133694,0.942184171,6.344882336,3.491195493,2.621996709,0.44929932,4.559943578,-1.111364474,1.820647693,6.111532316,3.962519179,3.350546243
"Egypt, Arab Rep.",2.991332082,-1.2838981,2.07284,0.565475835,1.664929343,2.373936757,2.749671003,3.242900732,3.335403438,3.835706513,4.188865984,1.427875027,0.271350021,1.061259567,1.998606848,2.420125626,4.784127568,5.018084821,5.07816837,2.645918665,3.036697187,-0.457409359,-0.059787762,-0.153662237
Euro area,3.136520743,2.142566653,0.950168013,-1.066131971,2.162651228,2.156952418,1.427321354,2.462935909,2.819184534,2.699466714,3.524962256,1.803607904,0.448592112,0.137470783,1.732878206,1.157750261,2.750248681,2.468700924,-0.072788029,-4.830699504,1.939339069,1.93536184,-1.060329403,-0.558569807
Eritrea,,,,10.00397056,17.59628266,-2.611583785,4.102364069,6.614285729,0.405890028,-1.417832241,-4.615491589,5.705289623,-0.451653406,-6.5430732,-2.577856846,0.089826485,-2.632089695,-0.170229234,-12.17251481,1.245507906,0.12159164,6.652182535,,
Spain,3.675767951,2.285324777,0.43611499,-1.543358244,1.896906895,2.304957068,2.233853417,3.268766786,3.961965254,4.067886268,4.776400785,3.214134567,1.289977181,1.13629399,1.358648611,1.915746393,2.357772472,1.704571588,-0.709644824,-4.611747923,-0.297178904,-1.166203907,-3.021906537,-1.079741265
Estonia,,,,,,,6.502784471,14.34721002,5.346900129,-0.717824476,9.556418469,6.681033541,7.449840428,8.277712285,7.444416375,10.15499479,10.41473423,8.071025334,-4.877286528,-14.46432838,2.678164039,7.589211665,3.59836216,1.820154161
Ethiopia,-0.882676687,-10.9670136,-12.31445171,9.398618788,-0.202451075,2.69990136,8.88160076,-0.042347687,-6.368031773,2.025446944,2.980694098,5.183296102,-1.419431349,-4.963548611,10.35673538,8.688193147,7.745595719,8.322832059,7.68786008,5.794553796,9.419873429,8.054120481,5.618653919,7.583098924
European Union,3.042439582,1.512144858,0.866518077,-0.895925854,2.39679734,2.469119278,1.716328815,2.499260976,2.873548005,2.780041421,3.776213125,2.040980905,0.878851785,0.549506075,2.208504805,1.56427054,3.158741781,2.81023011,0.318563255,-4.574618102,2.082125241,2.074578976,-0.846147872,-0.326851966
Fragile and conflict affected situations,2.327902649,-9.557922741,-1.837374672,-4.12757431,-6.41812458,-2.510747564,1.328792056,2.719044069,3.457860304,1.018947037,3.121146279,2.029222739,2.131837735,-1.261345417,8.430549224,3.326191164,3.352782187,3.564188355,2.562606272,0.378839555,4.346458955,-2.386353835,2.347331494,1.00631553
Finland,0.224909953,-6.398949439,-3.836533052,-1.141488063,3.515885274,3.819876288,3.327669342,6.018052758,5.17759148,4.137574737,5.553997853,2.37665487,1.460928622,1.76083857,3.690587797,2.428689227,3.628941348,4.852313276,0.315886377,-8.513028487,2.714966735,2.073396315,-1.865591174,-1.357215611
Fiji,4.752617533,-3.245744198,5.826681399,1.827342671,4.886690479,2.313304635,4.235304707,-3.176574747,0.133232217,7.548052587,-2.772962329,0.931771647,2.159245426,0.009775585,4.280889849,-0.247123291,0.911330811,-1.692810583,0.347435415,-1.894980247,2.524049644,2.344910977,1.110328173,4.459729481
France,2.430246965,0.163146328,1.094598035,-1.059437335,1.976326264,1.736167099,1.05172456,1.972119245,3.205153055,2.88869862,3.212384848,1.24252729,0.401189129,0.109402979,2.076624908,0.903680387,1.741085258,1.795236367,-0.302483826,-3.370397283,1.448245262,1.700610402,-0.171161336,0.058149505
Faroe Islands,,,,,,,,,,,,,,,,,,,,,,,,
"Micronesia, Fed. Sts.",1.839769135,5.476197905,1.515292839,4.941209335,-3.10605342,5.575034548,-3.581754614,-6.355096631,2.598481043,1.253558695,4.674366384,1.949482805,0.507494245,1.742000006,-2.760965842,2.49992422,0.497798984,-1.146998814,-1.66513661,1.876592316,2.525522138,2.902596056,-2.179628787,-4.014111423
Gabon,2.354481953,3.279285614,-5.654397103,1.220151969,1.036412289,2.321067901,1.04595294,3.120912474,0.909687405,-11.20291442,-4.362686955,-0.495554569,-2.859056185,-0.475164875,-2.061050467,-0.227534414,-5.664485439,2.776783314,-6.342412083,-3.113239988,3.487294146,3.382360848,1.571854945,2.000039245
United Kingdom,0.433081157,-1.408485703,0.129932953,2.244410579,3.581967568,2.26078355,1.648653014,4.09812733,2.857118294,2.67118742,3.721393156,1.764902677,1.340842566,2.643986211,1.764340112,1.965819786,1.412229708,1.767934814,-0.937077972,-5.230034826,1.630274045,0.280839243,0.745478658,1.140212964
Georgia,-14.76515732,-21.65309529,-45.32510667,-29.84129006,-9.009992894,6.528767015,15.31019682,14.12142425,5.687769083,5.007586678,3.838100069,6.443911043,6.424463063,11.81131435,6.451674622,10.28800429,10.04357676,13.16775225,2.730182663,-2.790940254,7.027385327,8.264988721,7.155378254,3.933646408
Ghana,0.689672245,2.647107903,1.333355891,2.316983125,0.892084667,1.736186137,2.227534068,1.777795764,2.20148382,1.884379706,1.122932344,1.270303419,1.667050975,2.382824942,2.818909276,3.120307425,3.62857797,1.663212531,6.37791278,2.219568023,5.267238029,11.30007269,6.636351702,4.712772226
Gibraltar,,,,,,,,,,,,,,,,,,,,,,,,
Guinea,0.745224866,-1.443956376,-0.000934214,1.855265279,0.877458706,1.718979963,1.541535029,3.039952188,1.702365885,1.496338582,0.510408914,2.32360542,3.545380566,-0.995885504,0.184086182,0.979328739,-0.876468729,4.395643234,1.655245404,-3.505824317,2.268168038,3.034094544,3.353180363,1.437755266
"Gambia, The",-0.50976961,-0.977138988,-0.621627839,-0.616792228,-2.966273836,-2.064070168,-0.72670899,1.878692562,0.509372433,3.328758783,2.488102794,2.80288577,-5.968645508,3.865439346,3.997774412,-5.183078011,-3.514924306,-0.085561126,3.007368864,3.395701264,2.674353276,-10.93207644,2.034710374,-0.218687978
Guinea-Bissau,4.43126029,2.952751829,-1.770995547,-1.171127247,0.088136677,1.820421374,9.312237372,4.499167701,-29.41329087,-0.85040448,3.339174144,0.032697962,-3.164511267,-1.722778707,0.369297319,1.794629503,-0.177887243,0.665955184,0.578532049,0.745147817,1.939393521,5.277090605,-4.311528278,0.516852763
Equatorial Guinea,-5.373172979,-4.626387867,29.85579157,6.998986662,12.40042135,13.13914207,60.33710392,140.4800424,19.02503798,20.81129706,13.04533447,55.59033038,13.94287693,8.822883661,31.87428239,11.56814122,2.864359425,10.00944444,12.3343735,-3.386937691,-13.15442826,1.864593187,3.862160121,-8.010053955
Greece,-1.052232898,1.869833885,-0.066299153,-2.177150668,1.490559211,1.623825163,2.40984299,3.970081823,3.320699725,2.678099727,3.495563561,3.591652977,3.542622617,5.542361057,4.801378373,0.304568264,5.335601777,3.01098405,-0.599389589,-4.552117261,-5.599959357,-10.01628121,-6.582904449,-1.806551373
Grenada,4.198485597,0.662945892,-2.109153777,-3.045997733,0.706919395,1.259912253,3.655291614,4.316047976,11.06846033,6.274922914,4.293373586,-2.481392947,3.155389422,8.951584591,-1.351434926,12.51795891,-4.630238587,5.423401868,0.271734915,-7.249058795,-1.200466469,-0.00576766,-2.002784938,1.447326973
Greenland,-12.19586644,0.066511142,-4.768523541,-4.855881783,5.35180564,3.170996427,1.348010103,1.28773187,7.565899781,1.377884445,6.911024645,0.999463557,-1.424258359,4.143053963,6.632323711,4.943236044,5.855030281,2.748781079,6.593978749,0.874906571,0.695314556,-0.470283635,1.536976945,-0.726861643
Guatemala,0.321449596,0.907587469,2.122476906,1.309862357,1.474719172,2.405489374,0.513474283,1.931911689,2.542652447,1.415353696,1.117529132,-0.096568126,1.48038852,0.348007859,0.968363113,1.152934092,3.238219371,4.25714893,1.321659783,-1.395470656,1.01189486,2.28579517,1.16050889,1.888642581
Guam,,,,,,,,,,,,,,0.371784091,6.09185018,3.373803142,-3.795861033,0.663420001,2.058126101,0.527173492,2.061708278,-0.37183642,1.67778633,1.287430575
Guyana,-2.317444682,6.488314348,7.627418831,7.857901069,8.191135345,4.732011034,7.685904878,5.950085956,-1.872186863,2.781265239,-1.498558663,2.177485651,1.064258426,-0.663450848,1.581783594,-1.858678755,5.315645839,7.452795433,2.075135496,4.010365433,4.601537788,5.719525983,5.313688445,3.174498044
High income,2.361664028,0.614134867,1.349473909,0.572772271,2.557645469,2.175349816,2.349303135,2.787283375,2.222248967,2.834462613,3.492251006,0.862279658,0.928698584,1.564759511,2.771118724,2.210243764,2.304392852,1.875044664,-0.283074219,-3.964600926,2.378490183,1.497158007,0.851684159,0.92112602
"Hong Kong SAR, China",3.497438813,4.829147216,5.346665318,4.392427129,3.674785226,0.366609081,-0.267889732,4.228382092,-6.665136947,1.532335947,6.718501431,-0.177564232,1.207481054,3.259949952,7.855592243,6.920069474,6.347366644,5.553545329,1.518811403,-2.668881707,5.986393047,4.112140875,0.583763189,2.687907256
Honduras,-0.047108483,-5.991768183,3.13868642,3.549574345,-2.555221795,3.268274426,-0.919810207,1.745487928,0.890268832,-3.322907091,4.400412323,0.002039928,1.06368067,1.905403435,3.620510732,3.510217463,4.082522846,3.786204233,1.950393632,-4.500621921,1.599903281,1.769563087,2.116986999,0.861032611
Heavily indebted poor countries (HIPC),-3.261178501,-1.72865481,-3.277194706,-2.302517907,-2.803911214,2.086416199,2.190267476,3.31778279,0.639325508,0.172794946,0.265340883,1.32261564,0.556775367,0.970945718,2.664581557,2.643669998,2.909690272,2.584121341,2.588333938,0.330201763,3.010530248,1.034672075,-0.251674796,2.606171018
Croatia,,,,,,,7.720532562,6.692404865,2.388027435,-0.316418363,3.88377507,7.117990659,5.701289114,5.533686299,4.125084768,4.128728799,4.862268288,5.024060474,2.013982009,-7.095921135,-0.99947972,0.25894761,-2.032675861,-0.120039936
Haiti,-1.021497424,-0.148457,-7.146038052,-7.230755374,-13.59904732,7.862875872,2.220588141,0.82870355,0.334608148,0.857909363,-0.955253581,-2.11657955,-0.696064318,1.711145544,-2.96130215,1.370751207,0.073155358,2.98893769,1.00245559,4.199388915,-6.727402233,3.921707912,-1.030951231,2.772632076
Hungary,,,-3.026235554,-0.462665222,3.088168307,1.630917597,0.254474202,3.351122678,4.142039817,3.36340038,4.750947823,4.313086327,5.039963844,4.372780362,5.237399909,4.501903256,4.108054129,0.432838011,1.180953199,-6.453066957,1.304958757,2.155897137,-0.738925918,2.083240769
IBRD only,0.185652171,-0.439252934,0.130572417,2.227068774,2.195580508,2.589088657,4.081479281,3.903620673,1.246692105,2.464041987,4.628690305,2.42435568,3.435025608,4.829703212,6.518875456,6.083967875,7.173114611,7.921444386,4.886205438,1.857022614,6.770585761,5.33228741,4.362442346,4.116194827
IDA & IBRD total,0.175585732,-0.565101742,-0.046260799,1.727682102,1.71007271,2.302406684,3.778387763,3.545810534,1.070592105,2.126883442,4.175408314,2.197650029,3.191269804,4.428143354,6.124347333,5.678897171,6.66380248,7.345646425,4.492213554,1.69558345,6.289976663,4.800178892,3.85561889,3.84319586
IDA total,1.136350126,-0.74146681,-0.546513614,-1.82527869,-1.754304204,0.88465706,2.255227908,1.399359923,0.87933621,0.313323949,1.279019521,1.865329672,2.820297992,2.374391468,4.12510963,3.57399069,3.530258518,3.515968685,2.584160924,2.484351261,3.693457415,1.493841654,0.488500094,3.020095216
IDA blend,3.432839458,-0.974795227,0.263873285,-2.793073888,-1.81755298,-0.749618844,1.834046798,-0.639182055,0.072099114,-0.4862401,0.921117149,1.566700551,4.49279677,2.67206421,4.988240254,3.502694046,3.359201739,3.303721909,1.652137246,3.357685441,3.505925516,2.173075231,2.247137048,3.364325203
Indonesia,5.334427875,4.931703686,4.691739598,4.730771667,5.779395066,6.465882891,6.086859406,3.034828082,-14.47565149,-0.709500929,3.412714203,2.192246975,3.073967174,3.387699835,3.702070328,4.368418668,4.13903544,4.959048417,4.642173599,3.30690394,4.90272858,4.844905701,4.70670292,4.284778457
IDA only,-1.525540102,-0.654867363,-1.402693993,-0.713893538,-1.695986959,2.53055763,2.606185751,3.355578508,1.589153589,1.019910151,1.517356506,2.04481898,1.285265727,2.146246135,3.322580395,3.658413742,3.716395131,3.716291586,3.433643788,1.646094328,3.807720913,0.837111773,-1.136066034,2.71452234
Isle of Man,2.484946053,0.287055108,0.030099047,2.01524393,3.43826603,3.774513288,6.911493916,7.388570221,12.0621473,12.26709809,4.054161006,4.246639006,5.119876943,4.971810979,4.213214051,4.915875436,6.608607939,6.344143261,3.752455348,0.969592019,2.273832959,1.368772356,7.319024976,4.381824719
India,3.297854066,-1.045105469,3.316865935,2.627465863,4.525133811,5.452945864,5.471108102,2.071873277,4.19892116,6.851333408,1.965952437,2.945319359,1.975907984,6.016520564,6.132606168,6.206011032,6.426044715,6.093625779,1.630780589,6.371709389,7.01317458,3.81807313,4.06082357,5.014611864
Not classified,,,,,,,,,,,,,,,,,,,,,,,,
Ireland,8.375006277,1.345298864,2.640607315,2.180590962,5.339771219,9.073770257,6.533312861,9.913986139,7.637504491,9.290880117,7.95480645,3.64246939,4.129755965,1.349386527,4.853457806,3.46094108,2.195189361,2.309230975,-6.41164582,-6.054811541,1.130423646,0.395078938,-0.428365852,0.594605554
"Iran, Islamic Rep.",9.219815044,8.445373534,0.895027442,-2.103211662,-2.07572164,1.038286934,4.963152055,-0.080554611,0.502217634,0.399560305,4.118203285,0.656119718,7.031760152,7.635981935,2.664275575,1.541710043,3.389399158,6.594952911,-1.115078981,-0.35748461,4.322471526,1.342708535,-4.968909478,-2.945922311
Iraq,55.88924457,-64.4258413,28.70297002,24.14431978,-1.029685313,-1.296115996,7.478302635,17.48398962,30.62937697,13.79503917,13.08522292,-1.427583502,-11.09943721,-38.56171996,49.03163745,-1.303074174,4.890020693,2.755518602,6.163087815,-0.274959244,3.081542552,3.848929643,8.9355065,2.722580156
Iceland,,,,,,,4.004073434,4.908673862,6.219230632,2.784468611,3.557391044,2.64000021,-0.334077504,1.43779619,6.860105685,4.457828851,3.850348692,5.745281288,0.3264001,-7.978362405,-2.692847708,1.535147199,0.527304433,3.568175782
Israel,,,,,,,3.192616713,1.229481627,1.761577521,0.732468717,5.837794335,-2.003265992,-2.105855183,-0.420346477,2.948546298,2.314386184,3.732572582,4.166582438,1.433022938,-1.499605866,3.755737023,3.628203129,0.711105773,2.485120083
Italy,1.900439827,1.468175611,0.765807599,-0.913401722,2.130215476,2.885202351,1.23832837,1.776351224,1.781324374,1.608634731,3.739946533,1.894123995,0.104759514,-0.305508789,0.769317663,0.323656244,1.48515736,0.975922133,-1.615940627,-5.711508383,1.400915343,0.53428744,-3.24206012,-2.9724038
Jamaica,3.387458779,3.975970584,1.004614536,8.327497666,0.35820294,1.322530491,-1.041336078,-1.99403354,-3.153799965,0.28078807,0.263360854,0.835387962,1.500921685,3.166448471,0.829396049,0.409882445,2.409546701,0.997833755,-1.183120223,-4.732783354,-1.871482683,1.275729482,-1.105126996,0.035165569
Jordan,-5.136146616,-3.540433146,8.420448108,-0.867696107,0.005105776,1.912314261,-1.246292003,0.5806901,0.657422026,1.168110358,2.072647435,3.08566012,3.533557537,1.834005659,5.892371649,5.363938671,1.029509484,1.526821506,4.643426549,2.737209776,0.089336842,0.154697989,0.982324425,-3.830179237
Japan,4.493661204,3.117494633,0.526745036,-0.781376228,0.801559685,2.390519558,2.900141234,0.740905953,-1.538244076,-0.51574059,2.592891087,0.14451169,-0.190392014,1.318091962,2.151723329,1.794339801,1.308127183,1.367422326,-1.272109949,-5.68145234,4.079223048,0.209251803,1.536786659,2.152371066
Kazakhstan,,-11.56105283,-5.227323541,-8.876154411,-11.32841063,-6.287395889,2.035515437,3.317062898,-0.189685362,3.685600854,10.13011649,13.69319315,9.795470244,8.932922844,8.841019375,8.72919995,9.53532792,7.661443135,1.383236316,-0.786442204,5.794225111,5.873507662,3.33405607,4.485117035
Kenya,0.708229894,-1.767740165,-3.766723222,-2.556033428,-0.28086994,1.513881589,1.365934437,-2.176613288,0.549589376,-0.520692989,-2.290893714,0.6837186,-2.457538571,-0.077112603,2.00869288,2.80072342,3.351889774,3.728256743,-2.709449404,0.293173947,5.0563909,2.366419735,1.960400987,1.326292507
Kyrgyz Republic,3.688011591,-9.437083175,-14.82627738,-15.48366078,-20.0568397,-6.363279166,5.511227375,8.323771638,0.567202167,2.126778697,4.194824155,4.326996496,-0.930865788,5.914001602,5.739479902,-1.29507487,2.000426388,7.512743465,7.376440493,1.651651396,-1.651752874,4.674715629,-1.738142584,8.735789273
Cambodia,,,,,-37.21617097,7.053353511,3.406143183,1.741562238,2.550981579,10.52753236,7.998303815,6.225701102,4.681941845,6.588832573,8.402156273,11.28191678,8.870931467,8.307936608,4.938643119,-1.411180716,4.430149208,5.524175204,5.769286083,5.831860524
Kiribati,-3.096978213,-1.942254477,-0.79198587,-0.650626478,0.240048358,-1.493599735,0.036258811,-0.113235596,4.698319961,-3.212405828,4.411503952,-3.326224946,1.688125373,-0.051065764,-3.594237674,2.877488709,-1.965758681,0.119253584,-3.94477393,-1.127722062,-2.950535735,0.025023857,3.490595724,2.605277687
St. Kitts and Nevis,5.796050156,-1.637154246,3.356301634,5.392422398,3.912772303,4.023440064,4.499449103,5.456122781,-1.778190679,1.849761884,8.503308049,4.051821918,0.758597297,-4.278920976,3.66368338,9.392290815,2.822493526,0.298896809,10.84609578,-3.64493844,-0.203231891,1.236592335,-0.821236743,5.617082837
"Korea, Rep.",8.80042947,9.686998929,5.100781696,5.797285517,8.174764151,8.517153045,6.867624488,5.179629766,-5.811819627,10.67745058,8.15268966,4.051006403,7.10433311,2.614039827,4.781286153,4.087645147,4.712927655,5.266361146,2.23375226,0.27526898,6.274019889,2.891411994,1.865599496,2.696150961
Kuwait,,,,31.31559277,9.264680732,3.964042843,-2.235624947,-0.909548495,0.353380967,-4.816954704,1.584750206,-2.643265205,0.212209154,14.30329986,7.579610785,6.555496616,1.691601457,-0.069993092,-3.093224705,-11.88321807,-7.272919708,2.63784703,-1.252962896,-5.836804406
Latin America & Caribbean (excluding high income),-2.429124691,0.962627519,0.287016997,2.296020898,3.632092209,-1.254250583,2.28391307,3.486638839,0.854093473,-1.037777343,2.047667944,-1.203588588,-0.933469588,1.173388555,4.107384584,2.794588929,3.92736235,4.247681391,2.686305556,-3.146190065,5.608745171,3.309286301,1.240828285,1.761431652
Lao PDR,3.714214161,1.410584074,2.692820532,3.105203425,5.399810082,4.435925091,4.458966594,4.659675821,2.057761911,5.434884083,4.029960368,4.049069616,4.286460578,4.520220402,4.899154764,5.555699297,6.909167408,5.909235649,6.164034787,5.878548895,6.922399324,6.474243139,6.491281436,6.521646656
Lebanon,24.13192781,46.4706866,13.99253569,8.636993181,6.177102917,4.526802007,9.227987135,-0.74857454,1.898601936,-2.192908424,-0.314587226,2.217724494,2.086572102,1.894804405,5.04735158,1.176425451,-0.103294007,7.270960975,7.32841407,8.817900667,7.009782777,-0.11745032,-0.075040322,-5.323150939
Liberia,,,,,,,,,,,,-0.062901594,1.086353995,-30.70154026,1.394829409,0.643907293,2.131757344,4.187985345,2.865766866,2.032935244,3.067501274,4.029352554,4.23948281,6.341040745
Libya,,,,,,,,,,,1.732474527,-4.018195927,-3.330060348,10.21614507,1.799903268,8.988266772,4.08675178,4.07289899,-2.265012643,-6.381578806,2.895038531,-47.89998601,96.9564199,-19.57835721
St. Lucia,8.466688673,-0.992878814,6.366440897,-0.88904668,0.271903397,0.554747253,1.839009347,-1.642765859,5.33714001,1.761686848,-0.731568959,-4.066068483,-0.331402231,3.466545683,6.488892492,-1.100988221,5.503747356,1.055431321,4.290649397,-3.465681546,0.862644867,4.74197285,-0.764212229,-3.649662304
Latin America & Caribbean,-2.326467185,1.104291579,0.71590673,2.357338982,3.575110923,-0.841473042,2.367650726,3.620615061,1.059775672,-0.865683687,2.058133991,-0.919453,-0.83249516,1.216159083,4.257425934,2.73172012,3.812767812,4.07882104,2.574893564,-3.060060492,5.318461762,3.284793738,1.441358977,1.755531303
Least developed countries: UN classification,-2.056480162,-0.425584597,-1.801617152,-2.636450086,-1.685842715,3.140699399,2.974165597,3.362898377,1.459676279,1.423988157,1.80472349,2.771270014,2.343500199,2.368320567,3.738810991,4.768126426,4.322828655,4.765350263,3.91652552,1.507379274,3.719524174,0.541556479,-0.290958175,3.072041184
Low income,-4.224786656,-0.753292422,-1.837983754,-1.246370618,-1.324332282,2.09728898,2.690875983,4.013307914,0.981262542,-0.185166601,0.648214556,2.208873421,1.35311843,1.847732274,3.010182871,3.484535507,2.846104218,3.080273992,2.421546598,0.631879072,3.794241694,-2.208361217,-6.56076267,0.76210074
Liechtenstein,0.802526058,0.394633065,2.161749597,2.833796007,5.339334506,4.357166819,5.380373762,5.76374098,6.355244496,8.972178993,1.935644564,-1.774062543,-1.925416916,-2.823011442,2.137954854,3.910153266,7.754359469,2.55873516,1.076320161,-1.916637781,,,,
Sri Lanka,5.05498097,3.347565781,3.216334432,5.778869061,4.609853503,4.641628818,3.097091968,5.808550271,4.169996069,3.748962878,5.35473355,-2.24364306,3.142506997,5.049940436,4.557881915,5.3837958,6.842908742,6.010642397,5.197557743,2.82103706,7.27905886,7.940928261,8.491217493,3.242988526
Lower middle income,2.529033794,0.383722387,0.813120268,-0.636686864,0.439158515,2.607863769,3.928206537,1.63379871,-0.553370474,2.311974182,2.503935853,2.197918968,2.999639109,4.352548454,4.753904068,4.335500715,4.731028343,5.187326828,2.615983994,3.035828566,4.933227058,3.138049342,2.870941524,3.39690028
Low & middle income,0.056844873,-0.337656904,-0.167839461,1.599668073,1.601832847,2.148677125,3.749640499,3.560976561,1.012992986,2.219152749,4.249980682,2.248529777,3.251527277,4.518312764,6.172553142,5.809679721,6.736622167,7.42494847,4.500956263,1.845754537,6.499309053,4.828652378,3.934703202,3.968582698
Lesotho,4.164710398,5.182650262,5.28754118,2.029101144,4.584071336,2.039267996,4.461775995,2.784582003,0.86981935,0.042529425,3.647539617,3.517919479,0.821608274,4.796068907,2.0840062,3.882619062,4.264051178,3.836763171,4.911168376,-1.9511894,4.559664572,3.84774666,5.4529237,0.849131351
Late-demographic dividend,-0.877605891,-0.241515543,-0.497709194,3.229261855,3.367886209,4.592490289,4.033696756,4.503818325,1.84534458,3.752229003,6.171432562,4.436970267,5.282663746,6.130042427,7.497409553,7.062697041,8.585376789,9.526423312,6.237356543,3.048699647,7.387447222,6.524415693,5.126542024,4.848327377
Lithuania,,,,,,,5.961077209,9.113027875,8.257179062,-0.437687209,4.427475848,7.407519796,7.611827256,11.46771748,7.773001207,9.501044182,9.142617037,12.43525018,3.675240926,-13.88775336,3.80531559,8.461109064,5.246002459,4.603327729
Luxembourg,4.009810209,7.198406194,0.476077004,2.811221308,2.416629037,0.017299922,0.027251338,4.106640711,5.355837386,6.723966803,5.510409395,1.854574681,2.149609899,1.379893359,2.760888181,0.926765761,4.339108315,6.442031366,-2.066473902,-5.014263013,1.88354731,-1.176797867,-0.76218341,0.814652309
Latvia,,,,,,,3.750073468,9.92718276,7.343341515,3.595982831,6.699312556,7.705567734,8.339575284,9.475740936,9.472336538,11.92326602,13.0036481,10.8429125,-2.226965766,-12.83280312,-2.446157683,4.458446915,8.378223797,3.106379396
"Macao SAR, China",4.005173829,0.180278869,10.26251635,2.881174371,2.089814971,1.24907559,-2.304984444,-2.072983938,-6.183123139,-3.905837927,4.185068958,1.195500414,6.357249981,8.53462866,23.17008146,5.180121821,10.39805507,11.48480408,0.712581777,-1.333531908,21.91755215,18.69732154,7.037215884,8.772877997
St. Martin (French part),,,,,,,,,,,,,,,,,,,,,,,,
Morocco,1.621400788,5.414277714,-3.697190388,-2.311258699,8.912122083,-6.836057668,10.67427546,-3.022729178,5.6810107,-0.333058607,0.532211791,5.890498676,1.779044944,4.641707807,3.465248713,1.905806981,6.141105843,2.173987144,4.543748365,2.885411146,2.434653381,3.809622432,1.592344639,3.107202493
Monaco,1.793986433,0.23844472,0.609533512,-1.648504886,1.466660492,1.374351355,0.355247278,1.44091883,2.728814454,2.710598874,3.682980562,2.253877057,1.207423717,1.306503439,2.72478491,2.196588477,6.23361843,15.10490698,0.543615916,-12.77554961,-0.291094423,4.582294912,-1.185598308,7.332355929
Moldova,,,,,,,-5.68841788,2.023687295,-6.50442971,-3.21641332,2.31558557,6.337532708,8.049932233,6.900611364,7.66608701,7.761886234,5.091668029,3.238946849,8.005391954,-5.881237741,7.206974588,5.879385195,-0.576700877,9.073075539
Madagascar,0.125774233,-9.079976664,-1.849586017,-1.011340269,-3.137085707,-1.495978374,-1.0445042,0.455819395,0.700741708,1.504842321,1.329252744,2.851923162,-14.96403254,6.611220261,2.220747562,1.737859561,2.358459367,2.66174838,3.650496506,-6.722844842,-2.223525814,-1.226482205,0.238846839,-0.396484586
Maldives,,,,,,,5.555867002,6.303230399,5.627436197,4.528299359,2.229899344,-5.554023717,5.448063627,11.85871883,4.310949016,-14.51070152,23.15004886,4.160687191,5.664364977,-10.45927452,3.545595947,4.83660046,-0.947751727,3.750175003
Middle East & North Africa,9.257320408,1.305540975,1.983537437,-0.083118636,0.288344755,0.61548598,2.836615788,1.532306664,2.411528143,-0.105874048,4.56682575,-0.573543358,-0.419302387,3.113878003,5.746610866,2.818009018,3.4397681,2.755880544,2.122742386,-1.696534623,2.742147387,1.541718579,2.292242606,0.11865195
Mexico,3.262383815,2.175301736,1.541296126,-0.006270426,2.961455844,-8.015167908,4.888150731,5.016207262,3.405938323,1.081584708,3.292692409,-1.928316581,-1.54819791,-0.051364985,2.404486778,0.855708709,3.0830097,0.953870185,-0.130355618,-6.449903052,3.732851948,2.193587578,2.204898981,0.02784915
Marshall Islands,0.314873411,-2.052067052,4.994248071,3.994149347,3.974307147,6.373487641,-11.75792633,-7.910855441,-2.323034692,-2.484088362,0.625101334,6.455031746,3.583448966,-1.610459574,1.435444954,1.956560807,0.440950855,3.717279568,-7.265450176,4.104699456,5.770950386,0.530261694,0.159450105,5.397853075
Middle income,0.175712205,-0.291749298,-0.066425362,1.741570724,1.734618935,2.219838173,3.851131722,3.624438201,1.083423578,2.350879652,4.406067379,2.327552736,3.396339631,4.691556271,6.351333231,5.973424205,6.949585578,7.650885656,4.67002435,1.994445597,6.687379827,5.108573458,4.271091628,4.136886649
North Macedonia,,-5.825798766,-5.701098666,-6.490163125,-1.042831546,-1.189790155,0.664419906,1.305718212,2.830100812,3.841473894,4.074050806,-3.473683221,2.233456599,1.888916172,4.376888549,4.502440294,4.963207732,6.299935135,5.29995031,-0.541943605,3.140817721,2.164144173,-0.577169123,2.776257712
Mali,-4.365187975,9.553611296,-5.15835942,1.045693973,1.586244117,-1.208023777,4.828302813,2.527942829,4.926313009,2.829985286,-2.92505023,11.94275813,-0.075353262,5.675366396,-1.703987426,3.070878165,1.258937886,0.13197525,1.387504193,1.449217496,1.946519231,-0.072193463,-3.688613712,-0.648802878
Malta,5.256597735,3.431026401,3.616450528,3.442436246,4.667594452,5.603712102,3.098243734,4.463409646,4.44456735,4.100967967,18.91200978,-1.914298305,1.803260637,3.392284021,-0.530713433,2.726392247,2.137687894,4.410574428,3.152237503,-1.875667725,5.0264286,0.041352277,3.186613201,4.002510924
Myanmar,1.677177746,-0.384199918,3.076300251,6.347096846,5.395604026,5.845725023,5.352353716,4.711716867,4.46907818,7.212540754,11.19202319,11.30310109,10.58456914,11.91709096,12.70059385,12.64834243,12.44966701,11.67059468,10.42728342,9.76483125,9.233248702,6.648716424,5.587392704,6.982301631
Middle East & North Africa (excluding high income),7.912907418,-3.545233103,2.746307843,-0.094712967,-0.06732181,0.896554105,4.357595404,1.869874923,4.639886252,2.549395281,3.988675164,0.702248717,1.247330422,0.445190584,5.741898012,2.521862687,3.140944487,4.128073583,1.766530951,0.685995386,3.240115247,-2.91325309,1.802842243,-1.519328037
Montenegro,,,,,,,,,5.220750291,-9.151670806,3.27911916,0.693867402,1.496373122,2.074413797,4.241154432,4.026604843,8.43155401,6.662736076,7.032626846,-5.996977486,2.54625316,3.120074956,-2.80561175,3.447965787
Mongolia,-5.003385605,-10.29732799,-10.7340495,-4.611123009,0.749860965,5.060652354,1.077038453,2.817601906,2.335517039,2.079768105,0.217912168,2.052426386,3.808667738,6.076081854,9.688471017,6.360770206,7.631553616,9.21557951,7.732594997,-2.483936688,4.955878,15.52034785,10.37252931,9.576792346
Northern Mariana Islands,,,,,,,,,,,,,,3.757283316,0.595458059,-9.069360845,-2.69153419,-2.229133624,-6.598961174,-13.27390018,6.961870699,-4.620922764,1.120796497,3.110271267
Mozambique,-0.638780469,2.931452386,-7.862044846,7.567182965,1.485507827,-2.212029769,7.850285937,8.32231747,7.323339575,9.026852228,-1.271759848,9.305045325,6.51869322,4.138949225,5.13467855,3.919474659,6.917796318,4.973131002,4.541872002,3.517267108,3.561834648,4.312923205,4.073266781,3.726877285
Mauritania,-4.267974068,-1.18111904,-1.979015982,1.636115451,-6.33198465,6.814029398,3.706864418,-6.186917742,0.109209647,0.899578376,-6.570241932,-3.199567182,-0.769955527,4.642977928,2.484641991,6.195377661,15.68831613,-4.216302129,-2.791810344,-2.59179346,-0.286151376,1.075369447,1.256022431,1.177738198
Mauritius,6.425944037,3.314166403,5.120444426,3.843627974,2.688328553,3.394776363,4.513432587,4.372417165,4.96251941,1.314748642,7.144715981,2.534262837,0.911910203,5.161670447,3.677809319,1.176699104,4.377586804,5.246496965,5.006539055,3.041100463,4.129198848,3.911001241,3.209499479,3.132851972
Malawi,1.650917963,5.501818119,-9.933190171,8.175278356,-9.128934559,16.94793194,5.258804773,1.796577742,1.767698572,0.774662826,-0.734438234,-7.201513613,-0.765413107,3.051911263,2.673771009,0.481251452,1.805541333,6.537022647,4.586640134,5.225687233,3.82804604,1.893348314,-0.959692094,2.288338222
Malaysia,5.916252819,6.502994437,5.892190524,6.87576359,6.209063739,6.839216203,7.066876263,4.493721103,-9.743816697,3.489407143,6.123798091,-2.032856646,2.772073577,3.23580564,4.28032987,2.933685374,3.25134638,4.0106155,2.665386035,-3.443342806,5.552518522,3.611173397,3.780489334,3.044894403
North America,0.702624792,-1.426382413,2.115956526,1.428162645,2.772713515,1.485319208,2.583812286,3.218862847,3.259801568,3.65973726,3.030105656,0.017899158,0.842418817,1.83420346,2.834663275,2.509083788,1.781704725,1.048172485,-0.766202412,-3.502189496,1.859453638,0.912108058,1.453546203,1.139723654
Namibia,-3.985963791,4.604503434,3.810908556,-4.718062949,-1.4435308,0.862302655,0.396139484,1.562590597,0.750222511,0.909031039,1.167402282,-0.852856889,3.00625105,2.775863071,10.88132097,1.303893632,5.79615006,4.067851327,1.287225303,-1.12835556,4.455584222,3.461548583,3.358859474,3.840189585
New Caledonia,1.174571017,2.230300235,-1.960593024,-2.0295478,-0.109355383,3.571062107,-1.455762363,0.055313046,-5.020937827,-0.997607643,0.177142842,,,,,,,,,,,,,
Niger,-4.309942061,-3.483411996,-1.12539563,-2.793211103,-1.366589184,-0.889755284,-3.213350179,-1.803149927,6.318123565,-3.564826076,-4.533605699,3.623725288,1.338057375,-1.347906202,-3.135822013,3.548889451,2.170619108,-0.545362453,3.846700363,-1.742225191,4.602067048,-1.406346266,6.415644393,1.36978213
Nigeria,8.877000036,-2.1803679,2.023628588,-4.507149258,-4.310753168,-2.595600776,1.596032681,0.372520439,0.032473526,-1.941105544,2.317774899,3.146424685,12.27613907,4.495155885,6.345040729,3.609660614,3.238342571,3.741687355,3.899943183,5.130161876,5.081874854,2.437007237,1.403508779,3.83236618
Nicaragua,-2.378080149,-2.483575308,-1.878505484,-2.582747556,1.135449154,3.743641931,4.345238131,2.192005465,2.073202051,5.439379123,2.611272808,1.581981809,-0.515149335,1.287031676,4.07723808,2.973677376,2.738080253,3.621787094,1.976214952,-4.681984855,2.892373918,4.764208456,4.9403012,3.405350976
Netherlands,3.468277725,1.635054597,0.940014999,0.554249624,2.34216827,2.607973421,3.022303305,3.793381777,4.020502841,4.337374446,3.453538256,1.557458129,-0.42036774,-0.315789835,1.63118807,1.812699193,3.29494984,3.547359498,1.773356664,-4.161038495,0.824259853,1.078628274,-1.395919336,-0.424178694
Norway,1.582220916,2.594687444,2.978306474,2.234977116,4.458953888,3.616194623,4.496926706,4.715263835,2.015205256,1.316706803,2.537301756,1.559548852,0.900636375,0.319967274,3.356838854,1.928840748,1.578419866,1.934064976,-0.76815344,-2.958585549,-0.54479433,-0.320026519,1.362984873,-0.180216051
Nepal,2.120294862,3.650932409,1.233194852,1.089815961,5.597378886,1.098920323,3.116692311,2.945563389,1.043659223,2.510432735,4.399652804,3.134541938,-1.366341192,2.525547293,3.390143328,2.372369836,2.453080468,2.657916634,5.441961372,3.970721477,4.296893276,3.024199013,4.423887439,3.332856103
Nauru,,,,,,,,,,,,,,,,-2.870535164,9.630002914,-22.65427375,22.50859666,9.197516058,11.02431403,9.550714772,9.646904704,27.55884475
New Zealand,-0.767406967,-5.768393218,0.046761924,5.185374685,3.730585732,3.200121041,1.988515973,0.719327208,-0.092958119,4.898454584,2.302279837,2.856419472,2.871931133,2.506867004,2.493646679,2.161017439,1.634570437,2.071982666,-1.947239582,-1.128572936,0.401460831,1.475074426,1.686306587,1.909382047
OECD members,2.123749037,0.330200815,1.214857339,0.433344615,2.316019624,1.826440559,2.302353838,2.759573775,2.221317516,2.658820733,3.324432007,0.631958843,0.783629368,1.28912842,2.511659706,2.081931886,2.245114332,1.824935963,-0.363156166,-4.035267283,2.321955316,1.354270628,0.75966477,0.864914948
Oman,-5.149351622,0.99964772,3.496770932,1.608475391,0.866763903,3.112245608,1.307367993,4.351113932,1.10526505,-1.094690219,5.112373655,3.145227232,-2.294363742,-3.78700569,-0.236292802,0.602059373,3.501312332,2.64675892,6.350043702,4.282881719,-4.793398139,-7.531825013,-1.25807375,-2.522385747
Other small states,,,,,,,,,,,,2.275154028,2.724902026,2.729012414,7.146040888,3.65649801,8.146350308,6.906862288,4.448373868,-0.910950983,6.459946501,5.542612685,1.359382722,1.459292116
Pakistan,1.070266491,1.721644174,4.91447308,-0.812757164,0.768829469,1.90928657,1.700962517,-1.912790951,-0.372285234,0.739013705,1.102322127,0.401431242,-0.031459517,3.486331857,5.169692809,4.244215049,3.699835752,2.6116655,-0.490588214,0.564734298,-0.656496931,0.60228723,1.662633011,2.804256529
Panama,5.829634587,7.141625895,5.984682428,3.307520111,0.767703646,-0.296866179,1.99409557,4.338314914,5.213962698,1.871325109,0.709781117,-1.373882584,0.264941529,2.220107188,5.476504972,5.162896882,6.629931779,9.926766132,7.854774034,-0.57934815,3.95086673,9.350391815,7.843394001,5.038254624
Peru,-7.066018542,0.074176096,-2.543927188,3.155013694,10.11038075,5.365021248,0.907659326,4.553923792,-2.138624909,-0.183045689,1.144772992,-0.724689715,4.220570171,3.075842181,3.94011216,5.328379247,6.643046878,7.686264095,8.34694304,0.387889021,7.516169673,5.432110096,5.169761905,4.8333478
Philippines,0.685480245,-2.77521706,-1.921961462,-0.199032509,1.956091874,2.20762823,3.331902686,2.620545423,-2.882086759,0.964850758,2.094018889,0.890742891,1.598835281,2.987189615,4.472464559,2.930610289,3.350809008,4.545525134,2.41093433,-0.401300433,5.418030304,2.024219921,5.049330149,4.964801336
Palau,,,,,,,,,,,,5.892553444,3.459381422,-3.404497997,4.71381333,4.35827776,0.670558181,3.353959475,-4.479766338,-5.221035149,1.762037545,8.438333123,3.338246712,-2.622222079
Papua New Guinea,-5.543155892,6.087753139,9.840520495,13.93469666,2.131881467,-6.762898492,3.919127957,-7.285725907,-7.109685144,-1.638768931,-5.803412968,-3.454827001,-3.447749165,-1.163395423,-0.579036527,2.979565512,2.119541159,4.499463701,-3.326428164,3.594445214,6.869897321,-1.785403722,1.7897666,1.066371766
Poland,,-7.344790993,2.20106585,3.474682766,5.07085552,6.957603016,6.034846978,6.379349289,4.60310921,4.66358145,5.658674595,1.286507642,2.083135916,3.568268652,5.044290879,3.552334782,6.198413684,7.119690211,4.185772086,2.762525251,3.229049129,4.985722186,1.545464342,0.917452492
Pre-demographic dividend,5.745009902,-10.16889943,-0.054303025,-3.225038415,-3.078542475,0.013572255,2.846125503,3.94140936,3.962162811,1.331537321,2.622172142,1.692238278,2.579847403,-3.485760805,8.513577143,2.895044346,3.226438415,3.181613598,3.271223927,1.552804894,3.415651103,0.988611458,0.477922952,2.703025636
Puerto Rico,-3.701708113,1.583227814,3.891316524,3.766936257,3.222679373,3.58766391,1.172302687,3.9099388,4.925886874,4.863317331,2.98675151,6.086049154,0.78642427,-0.009183943,8.726426357,-1.845460369,-0.991029991,-0.582297438,-1.266583453,-1.416210879,0.092102072,0.80057306,1.24696939,0.842159018
"Korea, Dem. People's Rep.",,,,,,,,,,,,,,,,,,,,,,,,
Portugal,4.177328417,4.609033561,1.168103297,-2.163020612,0.693517391,3.922373598,3.115805766,3.935797957,4.279611057,3.320509259,3.089054048,1.227263423,0.220542488,-1.301742086,1.545620102,0.595038718,1.441936413,2.305552113,0.174700555,-3.214389967,1.690928415,-1.551468317,-3.667531416,-0.377398249
Paraguay,1.355337243,0.792061039,-0.896597874,2.325009421,2.761897608,4.302637511,-0.748828995,1.935515327,-2.069316536,-3.379211906,-4.178473563,-2.503241441,-1.439257091,3.020120633,2.845729149,1.004272268,3.712646975,4.375543134,5.458654921,-1.265526561,9.823414633,2.942162242,-2.038731097,6.80851345
West Bank and Gaza,,,,,,2.427689349,-3.217162808,9.645838202,11.44966726,5.548624948,-10.86318811,-11.59863728,-14.69701374,11.13938499,18.8491815,8.482908417,-3.49430235,1.169825962,4.513711439,5.734576813,3.065654256,6.867834875,3.510367464,2.214850479
Pacific island small states,2.404263949,-1.274584494,4.264634006,1.603331671,3.545706625,3.171360347,1.792897749,-2.670986649,0.056720778,3.37262038,-3.075947671,-0.294923074,0.77687607,0.770019559,2.787213872,1.298285757,1.092374023,-0.881859326,0.790753707,-1.555178266,2.651127572,2.685413096,-0.202311745,2.176425006
Post-demographic dividend,2.1554899,0.49047827,1.280856552,0.486983289,2.510459812,2.145689422,2.355789523,2.82404187,2.320675653,3.034376258,3.50399783,1.018690589,1.021835365,1.512990771,2.678477083,2.248832448,2.352282985,1.945740227,-0.237280362,-3.884537036,2.451776889,1.377100296,0.828221693,0.957237183
French Polynesia,-2.013226156,1.560226796,-3.331582875,-3.103508736,-3.380066349,-2.008940892,-2.24938289,-1.730219128,0.122441695,0.264468516,1.555972831,-1.952234885,-0.744711318,0.560718461,-0.525174153,-1.143644079,-3.337148014,-1.008701198,-4.495138075,-4.06909596,-5.224132772,-5.878211034,-2.712582613,-0.111702397
Qatar,,,,,,,,,,,,-1.136390356,2.019062639,-1.17681781,14.71063896,-1.470185326,5.49322129,-2.781718211,0.360880522,0.415386597,12.3874949,7.67760832,-0.847554024,-1.177192047
Romania,,-12.15844134,-7.939239528,1.66711861,4.083147899,6.448659414,4.207522544,-4.57473043,-1.826823974,-0.220150555,2.593975232,6.696673666,7.655869434,3.081963843,11.05911322,5.316506112,8.670675853,8.829648237,11.1442089,-4.726982601,-3.328750364,5.032437581,2.379752336,0.642981501
Russian Federation,-3.162835973,-5.31876191,-14.61391714,-8.619686184,-12.53978986,-4.122772365,-3.614975495,1.56770415,-5.143115362,6.729502923,10.46370916,5.546718339,5.182750238,7.787967524,7.632491182,6.806607653,8.554941475,8.685765482,5.246210018,-7.827749977,4.453096398,4.218723339,3.849151935,1.538973517
Rwanda,-4.772493988,-4.672529261,3.501099582,-10.98621084,-41.58686136,60.09054132,-4.523534475,-0.27574313,5.448853974,3.114948521,7.02928178,6.98134379,11.18620986,-0.131817407,4.711812161,6.536955311,6.354797294,4.772686709,8.219957815,3.479417435,4.57249153,5.22392931,6.001713234,2.257654072
South Asia,3.071707722,-0.14221899,3.474980226,2.037865611,3.660744477,4.603746425,4.56151832,1.658512313,3.399186798,5.465889749,2.106533504,2.443979895,1.638384616,5.288987498,5.64035249,5.736075434,5.936104803,5.647369429,1.778972143,5.382856206,5.909528608,3.594064313,4.00598501,4.623631731
Saudi Arabia,10.50403037,10.52259891,0.214230632,-4.487074101,-2.294022473,-2.553744053,-0.119749489,-1.574099104,0.208505851,-6.223430443,2.989460928,-3.619601883,-5.127991761,8.707699558,5.627150948,2.389729574,-1.201288708,-2.077052716,2.232938641,-5.657418038,1.724825325,7.300782396,3.117939638,0.543175055
Sudan,-6.993142239,5.553589165,4.919099764,2.859125045,-1.406145655,3.231007167,3.372088269,15.37241938,1.983950188,0.629259591,3.29817914,3.534626661,3.175831597,3.494451685,2.327351127,2.648948123,3.312195908,2.407775788,0.595542525,-5.737535577,0.806213762,6.364974079,-6.662419424,-0.398675964
Senegal,-3.567018246,-0.229978371,-1.477836955,-1.385541594,-2.665333952,2.833495451,-0.411196109,0.676342249,3.497438282,3.849657261,1.470780682,1.857485378,-2.318996909,3.028062941,2.059295773,1.692838859,-0.297866563,0.155202178,1.003708684,0.038174665,0.625915167,-1.387056834,1.205183768,-0.327534793
Singapore,5.631848024,3.695382282,3.483718244,8.675304888,7.665158475,3.968567752,3.190985139,4.739926747,-5.457986674,4.876891842,7.165988202,-3.703665952,2.979229621,6.101275546,8.572205292,4.872093269,5.648343294,4.572986271,-3.415492694,-2.846771949,12.50852155,4.023381649,1.904462237,3.133979149
Solomon Islands,-0.830018725,2.895405638,9.434832386,1.012928611,5.01007403,6.953697343,-1.25361105,-3.654443687,-1.461992825,-3.116789554,-16.41998489,-10.13377894,-5.035048501,4.108525978,5.270962148,4.976765039,1.828551806,1.341652944,3.882826826,0.558443867,7.158309775,4.844317252,-0.068203187,2.599048838
Sierra Leone,-0.621750542,1.118056966,-17.57067811,1.513241502,-2.385137791,-8.195406643,1.210314523,-7.109069463,0.756934115,-2.530593173,4.118552789,-11.61000144,19.45672066,5.00683233,3.083639042,1.746805049,1.955655355,5.704019606,2.77326942,0.402529908,2.451945508,3.490319719,12.19215459,17.66060092
El Salvador,2.950893419,-0.250878414,5.26526451,4.337851703,3.550975522,3.729101973,-0.039684874,2.33481037,1.911918004,1.493428261,0.540163417,0.380732463,1.181244427,1.302937571,0.74220719,2.668687066,4.406814542,1.695093983,1.727154033,-2.457255679,1.726346227,3.412532244,2.423101252,1.833120655
San Marino,,,,,,,,,5.807977088,7.368437196,0.583243559,3.600800868,-1.963040277,1.577672299,2.780788899,0.984602063,2.267035143,5.652844588,-1.563991115,-11.35752493,-7.115513727,-10.81746001,-8.831707888,-1.240034985
Somalia,-0.973387623,,,,,,,,,,,,,,,,,,,,,,,
Serbia,,,,,,,6.369582379,7.507882234,3.733553151,-9.095703514,6.471472914,7.062707322,6.47847678,4.610065843,9.28288775,5.847869868,5.521892401,6.871969801,6.10631701,-2.340928202,1.136804338,2.845009607,-0.198378899,3.39452352
Sub-Saharan Africa (excluding high income),-0.323654948,-2.161486381,-2.718497351,-3.287930339,-1.504130639,0.678132369,2.361367596,1.675780986,-0.107703589,-0.443522263,0.83662549,1.562315461,3.531330459,1.37479512,3.745705547,3.178515759,3.21491562,3.261415619,2.280077581,0.197937361,3.076195375,1.374432986,-0.055356065,2.228143058
South Sudan,,,,,,,,,,,,,,,,,,,,0.428311416,0.224489691,-9.561710727,-48.3924544,9.010103006
Sub-Saharan Africa,-0.319489999,-2.15929961,-2.711580713,-3.281115087,-1.506103939,0.674000273,2.361326974,1.683444232,-0.101391488,-0.443770861,0.834620631,1.555507834,3.52608643,1.365552415,3.737811067,3.181166028,3.217734664,3.26529176,2.273718016,0.194873244,3.076190749,1.377833926,-0.056353403,2.228984566
Small states,,,,,,,,,,,,1.961619053,2.697251548,3.178379225,6.080274593,3.435051542,7.518213807,5.830490073,3.606165356,-1.516760794,5.312763417,4.605270537,1.595224187,1.420193454
Sao Tome and Principe,,,,,,,,,,,,,0.888640375,5.530033499,0.954334908,3.988165814,6.208914731,1.127399922,3.689729905,0.054920259,4.323464103,2.206358273,1.034865885,2.741292857
Suriname,-5.517109382,1.903790901,-0.447194768,-7.330428941,2.388417093,-1.82789017,-1.126343337,3.587104006,0.336634942,-3.225258827,0.279669784,2.405018941,1.084406708,4.587906465,7.056654288,3.356658223,4.617503576,3.932247207,2.974680679,1.859727007,3.995382339,4.686482739,1.592811916,1.86823594
Slovak Republic,,,,1.513091948,5.787847094,5.534214827,6.394449787,5.73044665,3.936602521,-0.207808032,1.303574953,3.442924098,4.547442893,5.568547022,5.300319492,6.613002933,8.4881893,10.79969452,5.484389094,-5.581436385,6.617228486,2.539157147,1.146520641,0.524660149
Slovenia,,,,,,,3.267565163,5.191132463,3.504881831,5.257453424,3.365877567,3.054123502,3.377418071,2.898197278,4.292355219,3.618340924,5.409482633,6.383588927,3.346279544,-8.380319592,0.90277138,0.652023243,-2.84370502,-1.163520875
Sweden,-0.020759176,-1.817515173,-1.736630357,-2.632808452,3.1939554,3.391269115,1.417924238,3.011523033,4.253946709,4.165978928,4.598254794,1.177501892,1.864873974,1.929830384,3.927306257,2.44824844,4.075714897,2.675002671,-1.223069578,-5.151262729,5.052678573,2.418988511,-1.321002324,0.333984863
Eswatini,17.04188773,-2.322908125,-0.729496926,0.047268401,2.369983834,4.843679962,1.707375523,1.318366941,1.131673202,1.615224158,0.562746631,-0.00294699,3.445076764,3.096498534,2.946514905,5.393372141,5.416934351,3.831022924,0.279382179,1.099749008,3.318722455,1.743010228,4.82073687,3.222714546
Sint Maarten (Dutch part),,,,,,,,,,,,,,,,,,,,,3.751509141,6.542775596,-2.13646282,-4.136775648
Seychelles,6.472165963,1.400770823,6.670810954,4.006664574,-3.408236979,-2.273010598,3.389419695,10.65541765,6.303964572,-0.109436312,0.612194923,-2.356613485,-1.834808598,-4.816177606,-2.490007914,8.501897616,7.153344008,9.859154462,-4.310877765,-1.492677442,3.03727602,10.76086855,0.272336638,4.078024723
Syrian Arab Republic,0.605389708,4.52225022,9.760214759,3.165996119,4.243927053,4.10426405,6.873052419,2.276406365,4.053446157,-5.983591992,-1.833603496,-1.491552,1.313731953,4.481402485,4.108899983,3.35987944,0.459605733,-0.812968046,0.725302005,4.198402534,2.788601917,1.07102213,-25.93119232,-22.49521229
Turks and Caicos Islands,,,,,,,,,,,,,,,,,,,,,,,-4.877104109,-3.481133373
Chad,-6.751168525,4.666821548,3.537776791,-17.60986501,7.719354653,-3.111290587,-2.206621114,2.100125421,3.368901104,-4.076926007,-4.20701537,8.001053927,4.814041637,10.25577118,27.83109465,12.74116064,-2.85311905,-0.167923467,-0.437900442,0.614501316,9.744973037,-3.354074685,5.150612145,2.006313918
East Asia & Pacific (IDA & IBRD countries),3.482297025,6.368732105,9.59734825,9.783519909,9.463706324,8.472003368,7.708759317,6.036993914,1.702643942,5.241140623,6.565922671,5.983307854,7.0989394,8.018258483,8.232751732,9.09245264,10.20859636,11.63282112,7.806301915,7.192666747,9.129496144,7.820309454,6.656460205,6.397975056
Europe & Central Asia (IDA & IBRD countries),-2.060944646,-6.042769146,-9.77669901,-4.905888292,-8.809443579,-0.392629601,0.902827989,2.795316336,-0.710138685,2.492133083,7.490376536,2.685599507,5.094655707,6.160287425,7.789704876,6.544795218,7.713218338,7.45861626,4.18354835,-5.02343618,4.19814887,5.4374439,2.97000749,2.815828314
Togo,-3.133695615,-3.543627826,-6.693309888,-14.51652358,14.58290178,3.13455792,4.76473422,10.7246385,-5.104797379,-0.458087337,-3.558947271,-1.868706289,1.150877512,3.974642458,-3.544703148,-7.10954805,-0.191993083,-4.0070262,1.136543951,2.632652168,3.302532704,3.61053796,3.806131357,3.430591596
Thailand,9.346719046,6.871916892,6.490478355,6.683558178,6.460397344,6.637786546,4.272296615,-3.994106257,-8.765114592,3.404319498,3.421814811,2.496283653,5.202479885,6.271893252,5.419952834,3.380060038,4.179335862,4.6348769,0.968009165,-1.401481911,6.793959919,0.190947238,6.554004502,2.065308706
Tajikistan,-3.416735992,-9.41478045,-30.25402882,-17.30062376,-22.46866191,-14.07704733,-18.34826361,0.32645975,4.633178745,3.150691906,6.883574256,7.258658969,8.548267566,8.825128448,8.212584203,4.729870238,5.055225906,5.835861382,5.893088682,1.897164301,4.359555318,5.150687405,5.181983258,5.021062185
Turkmenistan,31.78276097,-7.138884274,-17.2310443,-1.151709731,-19.32760652,-9.254820121,4.85256677,-12.67060429,5.460336201,14.69954832,3.898199859,2.858928957,-1.105635721,1.966409833,3.675776671,11.50749615,9.444376584,9.493054042,13.00901217,4.443794242,7.396303384,12.71357237,9.108041446,8.190014191
Latin America & the Caribbean (IDA & IBRD countries),-2.22640223,1.430046738,0.927866911,2.639101262,3.642341987,-1.018501408,2.334176855,3.62440825,0.994391543,-1.148741645,1.99104382,-1.177997277,-0.897847954,1.269360206,4.148515691,2.79962565,3.883127599,4.223378626,2.720325099,-3.124034096,5.590370438,3.429773195,1.482981359,1.824444484
Timor-Leste,,,,,,,,,,,,14.44013935,-8.407210451,-3.985315308,-1.644957394,0.509518786,-6.553719786,7.580068141,8.85811527,7.822217847,7.024687969,3.624589536,2.582020611,0.983313537
Middle East & North Africa (IDA & IBRD countries),8.853888027,-3.530632841,2.764777872,-0.073545456,-0.044747562,0.886188999,4.42773432,1.808421414,4.578118276,2.520227824,4.130207866,0.804144618,1.365012814,0.383171249,5.654983063,2.477704633,3.197271463,4.153142986,1.748611817,0.648757433,3.243449674,-2.993093113,1.788346056,-1.553834088
Tonga,-2.389373437,6.110782034,-0.000522763,3.496154237,4.701008225,7.114323859,1.584027092,0.7578487,1.766217438,3.061048125,0.265442712,3.138756156,4.248038636,1.714245325,-2.992319306,-0.484588376,-0.672387184,-0.150156521,4.462168404,-5.386686399,0.579134054,6.591955722,0.925330753,0.699172883
South Asia (IDA & IBRD),3.071707722,-0.14221899,3.474980226,2.037865611,3.660744477,4.603746425,4.56151832,1.658512313,3.399186798,5.465889749,2.106533504,2.443979895,1.638384616,5.288987498,5.64035249,5.736075434,5.936104803,5.647369429,1.778972143,5.382856206,5.909528608,3.594064313,4.00598501,4.623631731
Sub-Saharan Africa (IDA & IBRD countries),-0.319489999,-2.15929961,-2.711580713,-3.281115087,-1.506103939,0.674000273,2.361326974,1.683444232,-0.101391488,-0.443770861,0.834620631,1.555507834,3.52608643,1.365552415,3.737811067,3.181166028,3.217734664,3.26529176,2.273718016,0.194873244,3.076190749,1.377833926,-0.056353403,2.228984566
Trinidad and Tobago,0.682999954,2.328212434,9.298392913,-1.31946111,2.976763328,3.299603689,6.676716597,7.136458808,7.764767928,7.659243849,6.488905191,3.673271606,7.343523063,13.79977071,7.345417274,5.595845656,12.56313758,4.15345776,2.802179778,-4.964072472,2.656160519,-0.977117819,5.838182673,3.097657509
Tunisia,5.601188219,1.701461473,5.605081336,0.20192951,1.305497564,0.689205803,5.59581418,4.035519939,3.493069757,4.852816592,3.596026898,2.739037346,0.324463973,3.683117807,5.219832543,2.529027841,4.288249565,5.732862742,3.261953407,2.048569302,1.926220439,-3.267130183,2.893681767,1.288717988
Turkiye,7.216741989,-1.094959799,3.205758374,5.78373133,-6.326330968,6.067889697,5.619567788,5.850801079,0.816846708,-4.707525496,5.385567182,-7.138251276,4.969062414,4.373434322,8.309399699,7.533399484,5.570263162,3.750326616,-0.389113259,-6.015621981,6.990641203,9.733147454,3.252268707,6.645972547
Tuvalu,,1.704014635,1.572687304,3.552779357,9.798927281,-5.262119595,-6.215757653,9.786187841,15.45326431,-1.625058721,-0.950050032,0.176696809,9.660586058,-4.931553669,-3.500431751,-5.815126602,1.233859397,5.886575736,5.3894081,-7.475019216,-3.538283307,5.320730671,-3.516303432,3.736151708
Tanzania,4.26155397,-0.521184356,-1.924916568,-1.945561276,-2.301128111,0.317148555,2.601812118,1.43092812,1.043121101,2.137100274,1.604208029,3.230092105,4.333864469,3.876986634,4.631290025,4.542441304,3.589391561,3.819321934,2.846011509,2.671290177,3.625050343,4.649286199,1.509348747,3.605546402
Uganda,3.095332874,2.154273745,-0.047066395,4.647364952,2.903221493,8.525988324,6.152818912,2.08605807,1.829820745,4.611757161,-0.041787423,2.029305566,5.40510273,3.202284984,3.693646482,3.286767765,7.601959559,5.278298227,5.573044281,3.732510339,2.602544562,6.257298379,0.875761039,0.649426228
Ukraine,-6.558927908,-8.891546999,-10.15898751,-14.24735481,-22.51718609,-11.5035697,-9.197963376,-2.111948982,-1.019448613,0.745271248,6.971359711,9.949427008,6.344762227,10.40881321,12.64662717,3.829305329,8.301133677,8.863688463,2.79864235,-14.75897466,4.506344824,5.825146656,0.399970156,0.273496006
Upper middle income,-0.461289107,-0.296450908,-0.151184067,2.978992849,2.520130561,2.3549267,4.109106079,4.711095213,2.027696001,2.694856102,5.494347168,2.747981724,3.912832472,5.187829724,7.336956752,6.953339339,8.137794161,8.924326905,5.750926103,1.985718043,7.688623238,6.151398632,5.051526152,4.673649009
Uruguay,-0.317980081,2.932443968,7.303314325,2.074468171,6.669323981,-2.011426953,4.978087652,7.93099829,3.954631868,-2.426082431,-2.324954546,-4.097996624,-7.885543439,0.69075052,4.890119095,7.334976056,3.953910797,6.337655621,6.936003354,3.993184304,7.530255685,4.881023877,3.246526451,4.326613653
United States,0.7414861,-1.434200125,2.096612766,1.405708565,2.760882297,1.468718234,2.572259204,3.197212055,3.270511073,3.597985018,2.925440983,-0.039919729,0.756774051,1.916480451,2.895847779,2.533784114,1.796486326,1.044930137,-0.820367899,-3.450015923,1.860291678,0.814519358,1.533102035,1.138692347
Uzbekistan,-0.416633675,-2.591204663,-13.25760641,-4.495155415,-7.042874372,-2.674535885,-0.226716896,3.235306542,2.63473868,3.181779109,2.408081724,2.853468768,2.70878259,3.026728084,6.216411405,5.713013285,6.148245628,7.925723268,7.292860007,6.243041209,4.602330394,4.6775345,5.537338042,5.633700765
St. Vincent and the Grenadines,3.994565279,0.872827152,5.962658705,3.884636112,-1.527559277,7.549557653,1.185108628,3.517831332,4.191399432,2.863481929,1.801564337,1.90223086,5.519476975,7.013934853,4.576987002,3.005377086,7.588435566,3.885155039,0.866999465,-0.950808501,-4.005527482,-0.053088583,1.749451826,3.066102157
"Venezuela, RB",3.905847448,7.14950515,3.630630697,-1.958390438,-4.464584002,1.758333116,-2.25304789,4.22181256,-1.695532386,-7.787498607,1.7311451,1.513897608,-10.4774248,-9.369276364,16.280063,8.490127021,8.115562125,7.082213076,3.737397826,-4.54882021,-2.816899035,2.811795401,4.284533881,0.094579108
British Virgin Islands,,,,,,,,,,,,,,,,,,,,,,,,
Virgin Islands (U.S.),,,,,,,,,,,,,,-0.392409019,3.323031122,3.497713552,3.585222912,4.041316111,1.162598335,-6.600820338,0.640017046,-8.147450692,-14.73218495,-6.157647384
Vietnam,2.829262524,3.719124222,6.419959109,5.965740436,6.850361955,7.672176131,7.607799877,6.570647246,4.297434233,3.438780911,5.601279272,5.106408112,5.233738847,5.805460737,6.444990452,6.47249051,5.946165322,6.105167318,4.631076534,4.318505017,5.293286344,5.283265615,4.379563692,4.42343677
Vanuatu,8.955904562,0.616260807,0.063102622,-1.725489475,6.453975447,-1.394877933,-0.075143663,2.468756088,-1.153515706,-1.988164553,3.364842775,-5.829386091,-7.586125113,1.70550587,1.459448915,2.784370221,5.886420478,0.433127664,3.070110439,0.571086858,-1.119005997,0.742453227,-1.352753559,-1.908154629
World,1.101114303,-0.220409752,0.43485025,0.224337798,1.741630432,1.567805609,2.081219616,2.389837222,1.380800574,2.142738889,3.119439487,0.665480694,0.97895193,1.797787147,3.156430832,2.707025964,3.124182077,3.096774318,0.812084529,-2.546221133,3.278765959,2.08145222,1.452625746,1.552278835
Samoa,-4.591938172,-2.598264849,-0.845340852,3.150490619,-3.524521958,5.578863273,6.080571345,-0.388133039,1.15132741,1.161398486,4.066718656,6.509151449,5.029244978,4.757964877,2.740297964,6.326566545,1.726034118,-0.09379094,2.849305251,-1.256816179,5.309181062,2.961063106,-4.593625702,-0.801457579
Kosovo,,,,,,,,,,,,,,,,,,,,4.194651985,4.100371559,5.41043862,0.805675792,4.702935624
"Yemen, Rep.",,2.310275342,4.174900709,0.15584861,2.844210314,2.059194161,1.416834481,2.190461134,2.999830916,0.874332587,3.251318206,1.012423088,1.201096174,1.033330183,1.241632423,2.683287177,0.138054891,0.256559574,0.593252192,0.837999511,4.592944574,-15.22174041,-0.526827926,1.868808284
South Africa,-3.339621184,-3.518471297,-4.128461353,-0.586806136,1.428936716,1.416824108,2.722433879,1.187492787,-0.743024353,1.268070803,3.201510449,1.794442757,2.760877986,2.001993713,3.581230211,4.286771531,4.591102101,4.29764521,2.028404688,-2.702155972,1.817735697,1.873318226,1.04422917,1.099461735
Zambia,-3.007446899,-2.497851736,-4.090437808,4.258957181,-10.81754518,0.410354295,3.618763026,1.186738429,-2.928854067,1.943905544,1.062291692,2.208315021,1.360081411,3.691827653,3.683416254,3.74143169,4.237999819,4.59126068,3.99309571,5.405935895,6.507553257,2.05909554,4.103279411,1.676100601
Zimbabwe,4.158340435,2.847965109,-11.27007537,-0.384681176,8.594631499,-1.075924969,8.542804099,1.015730752,1.228453952,-2.240737255,-4.027575911,0.789790878,-9.454024651,-17.62184095,-6.466318539,-6.203725289,-4.289336732,-4.582530693,-18.32350275,10.87582136,19.93898151,12.98337974,13.65475039,0.988283016
